{
    "1": "Status not found",
    "2": "Status not found",
    "3": "Status not found",
    "4": "Status not found",
    "5": "Status not found",
    "6": "Status not found",
    "7": "Status not found",
    "8": "Status not found",
    "9": "Status not found",
    "10": "Status not found",
    "11": "Status not found",
    "12": "Status not found",
    "13": "Status not found",
    "14": "Status not found",
    "15": "Status not found",
    "16": "Status not found",
    "17": "Status not found",
    "18": "Status not found",
    "19": "Status not found",
    "20": "Status not found",
    "21": "Status not found",
    "22": "Status not found",
    "23": "Status not found",
    "24": "Status not found",
    "25": "Status not found",
    "26": "Status not found",
    "27": "Status not found",
    "28": "Status not found",
    "29": "Status not found",
    "30": "Status not found",
    "31": "Status not found",
    "32": "Status not found",
    "33": "Status not found",
    "34": "Status not found",
    "35": "Status not found",
    "36": "Status not found",
    "37": "Status not found",
    "38": "Status not found",
    "39": "Status not found",
    "40": "Status not found",
    "41": "Status not found",
    "42": "Status not found",
    "43": "Status not found",
    "44": "Status not found",
    "45": "Status not found",
    "46": "Status not found",
    "47": "Status not found",
    "48": "Status not found",
    "49": "Status not found",
    "50": "Status not found",
    "51": "Status not found",
    "52": "Status not found",
    "53": "Status not found",
    "54": "Status not found",
    "55": "Status not found",
    "56": "Status not found",
    "57": "Status not found",
    "58": "Status not found",
    "59": "Status not found",
    "60": "Status not found",
    "61": "Status not found",
    "62": "Status not found",
    "63": "Status not found",
    "64": "Status not found",
    "65": "Status not found",
    "66": "Status not found",
    "67": "Status not found",
    "68": "Status not found",
    "69": "Status not found",
    "70": "Status not found",
    "71": "Status not found",
    "72": "Status not found",
    "73": "Status not found",
    "74": "Status not found",
    "75": "Status not found",
    "76": "Status not found",
    "77": "Status not found",
    "78": "Status not found",
    "79": "Status not found",
    "80": "Status not found",
    "81": "Status not found",
    "82": "Status not found",
    "83": "Status not found",
    "84": "Status not found",
    "85": "Status not found",
    "86": "Status not found",
    "87": "Status not found",
    "88": "Status not found",
    "89": "Status not found",
    "90": "Status not found",
    "91": "Status not found",
    "92": "Status not found",
    "93": "Status not found",
    "94": "Status not found",
    "95": "Status not found",
    "96": "Status not found",
    "97": "Status not found",
    "98": "Status not found",
    "99": "Status not found",
    "100": "Status not found",
    "101": "Status not found",
    "102": "Status not found",
    "103": "Status not found",
    "104": "Status not found",
    "105": "Status not found",
    "106": "Status not found",
    "107": "Status not found",
    "108": "Status not found",
    "109": "Status not found",
    "110": "Status not found",
    "111": "Status not found",
    "112": "Status not found",
    "113": "Status not found",
    "114": "Status not found",
    "115": "Status not found",
    "116": "Status not found",
    "117": "Status not found",
    "118": "Status not found",
    "119": "Status not found",
    "120": "Status not found",
    "121": "Non-Bailable",
    "122": "Non-Bailable",
    "123": "Non-Bailable",
    "124": "Non-Bailable",
    "125": "Non-Bailable",
    "126": "Non-Bailable",
    "127": "Non-Bailable",
    "128": "Non-Bailable",
    "129": "Bailable",
    "130": "Non-Bailable",
    "131": "Non-Bailable",
    "132": "Non-Bailable",
    "133": "Non-Bailable",
    "134": "Non-Bailable",
    "135": "Bailable",
    "136": "Bailable",
    "137": "Bailable",
    "138": "Bailable",
    "139": "Status not found",
    "140": "Bailable",
    "141": "Status not found",
    "142": "Status not found",
    "143": "Bailable",
    "144": "Bailable",
    "145": "Bailable",
    "146": "Status not found",
    "147": "Bailable",
    "148": "Bailable",
    "149": "Status not found",
    "150": "Status not found",
    "151": "Bailable",
    "152": "Bailable",
    "153": "Non-Bailable",
    "154": "Bailable",
    "155": "Bailable",
    "156": "Bailable",
    "157": "Bailable",
    "158": "Status not found",
    "159": "Status not found",
    "160": "Bailable",
    "161": "Non-Bailable",
    "162": "Non-Bailable",
    "163": "Non-Bailable",
    "164": "Non-Bailable",
    "165": "Non-Bailable",
    "166": "Bailable",
    "167": "Bailable",
    "168": "Bailable",
    "169": "Bailable",
    "170": "Non-Bailable",
    "171": "Status not found",
    "172": "Status not found",
    "173": "Status not found",
    "174": "Status not found",
    "175": "Status not found",
    "176": "Status not found",
    "177": "Status not found",
    "178": "Bailable",
    "179": "Bailable",
    "180": "Bailable",
    "181": "Bailable",
    "182": "Bailable",
    "183": "Bailable",
    "184": "Bailable",
    "185": "Bailable",
    "186": "Bailable",
    "187": "Status not found",
    "188": "Status not found",
    "189": "Bailable",
    "190": "Bailable",
    "191": "Status not found",
    "192": "Status not found",
    "193": "Status not found",
    "194": "Status not found",
    "195": "Bailable",
    "196": "Status not found",
    "197": "Bailable",
    "198": "Bailable",
    "199": "Bailable",
    "200": "Bailable",
    "201": "Status not found",
    "202": "Bailable",
    "203": "Bailable",
    "204": "Bailable",
    "205": "Bailable",
    "206": "Description: Whoever fraudulently removes, conceals, transfers or delivers to any person any property or any interest therein, intending thereby to prevent that property or interest therein from being taken as a forfeiture or in satisfaction of a fine, under a sentence which has been pronounced, or which he knows to be likely to be pronounced, by a Court of Justice or other competent authority, or from being taken in execution of a decree or order which has been made, or which he knows to be likely to be made by a Court of Justice in a civil suit, shall be punished with imprisonment of either description for a term which may extend to two years, or with fine, or with both. Bail Provision: Bailable",
    "207": "Bailable",
    "208": "Bailable",
    "209": "Bailable",
    "210": "Bailable",
    "211": "Status not found",
    "212": "Status not found",
    "213": "Status not found",
    "214": "Status not found",
    "215": "Bailable",
    "216": "Bailable",
    "217": "Bailable",
    "218": "Bailable",
    "219": "Bailable",
    "220": "Bailable",
    "221": "Status not found",
    "222": "Status not found",
    "223": "Bailable",
    "224": "Bailable",
    "225": "Bailable",
    "226": "Status not found",
    "227": "Non-Bailable",
    "228": "Bailable",
    "229": "Bailable",
    "230": "Status not found",
    "231": "Non-Bailable",
    "232": "Non-Bailable",
    "233": "Non-Bailable",
    "234": "Non-Bailable",
    "235": "Status not found",
    "236": "Non-Bailable",
    "237": "Non-Bailable",
    "238": "Non-Bailable",
    "239": "Non-Bailable",
    "240": "Non-Bailable",
    "241": "Non-Bailable",
    "242": "Non-Bailable",
    "243": "Non-Bailable",
    "244": "Non-Bailable",
    "245": "Non-Bailable",
    "246": "Non-Bailable",
    "247": "Non-Bailable",
    "248": "Non-Bailable",
    "249": "Non-Bailable",
    "250": "Non-Bailable",
    "251": "Non-Bailable",
    "252": "Non-Bailable",
    "253": "Non-Bailable",
    "254": "Non-Bailable",
    "255": "Non-Bailable",
    "256": "Non-Bailable",
    "257": "Non-Bailable",
    "258": "Non-Bailable",
    "259": "Bailable",
    "260": "Bailable",
    "261": "Bailable",
    "262": "Bailable",
    "263": "Bailable",
    "264": "Bailable",
    "265": "Bailable",
    "266": "Bailable",
    "267": "Non-Bailable",
    "268": "Status not found",
    "269": "Bailable",
    "270": "Bailable",
    "271": "Bailable",
    "272": "Bailable",
    "273": "Bailable",
    "274": "Non-Bailable",
    "275": "Bailable",
    "276": "Bailable",
    "277": "Bailable",
    "278": "Bailable",
    "279": "Bailable",
    "280": "Bailable",
    "281": "Bailable",
    "282": "Bailable",
    "283": "Bailable",
    "284": "Bailable",
    "285": "Bailable",
    "286": "Bailable",
    "287": "Bailable",
    "288": "Bailable",
    "289": "Bailable",
    "290": "Bailable",
    "291": "Bailable",
    "292": "Bailable",
    "293": "Bailable",
    "294": "Bailable",
    "295": "Non-Bailable",
    "296": "Bailable",
    "297": "Non-Bailable",
    "298": "Non-Bailable",
    "299": "Status not found",
    "300": "Status not found",
    "301": "Status not found",
    "302": "Description: Whoever commits murder shall be punished with death, or imprisonment for life, and shall also be liable to fine.\n Bail Provision: Non-Bailable",
    "303": "Non-Bailable",
    "304": "Bailable",
    "305": "Non-Bailable",
    "306": "Non-Bailable",
    "307": "Status not found",
    "308": "Status not found",
    "309": "Bailable",
    "310": "Status not found",
    "311": "Non-Bailable",
    "312": "Status not found",
    "313": "Non-Bailable",
    "314": "Status not found",
    "315": "Non-Bailable",
    "316": "Non-Bailable",
    "317": "Bailable",
    "318": "Bailable",
    "319": "Status not found",
    "320": "Status not found",
    "321": "Status not found",
    "322": "Status not found",
    "323": "Bailable",
    "324": "Non-Bailable",
    "325": "Bailable",
    "326": "Non-Bailable",
    "327": "Non-Bailable",
    "328": "Non-Bailable",
    "329": "Non-Bailable",
    "330": "Bailable",
    "331": "Non-Bailable",
    "332": "Non-Bailable",
    "333": "Non-Bailable",
    "334": "Bailable",
    "335": "Bailable",
    "336": "Bailable",
    "337": "Bailable",
    "338": "Bailable",
    "339": "Status not found",
    "340": "Status not found",
    "341": "Bailable",
    "342": "Bailable",
    "343": "Bailable",
    "344": "Bailable",
    "345": "Bailable",
    "346": "Bailable",
    "347": "Bailable",
    "348": "Bailable",
    "349": "Status not found",
    "350": "Status not found",
    "351": "Status not found",
    "352": "Bailable",
    "353": "Non-Bailable",
    "354": "Non-Bailable",
    "355": "Bailable",
    "356": "Bailable",
    "357": "Bailable",
    "358": "Bailable",
    "359": "Status not found",
    "360": "Status not found",
    "361": "Status not found",
    "362": "Status not found",
    "363": "Bailable",
    "364": "Non-Bailable",
    "365": "Non-Bailable",
    "366": "Non-Bailable",
    "367": "Non-Bailable",
    "368": "Non-Bailable",
    "369": "Non-Bailable",
    "370": "Status not found",
    "371": "Non-Bailable",
    "372": "Non-Bailable",
    "373": "Non-Bailable",
    "374": "Bailable",
    "375": "Status not found",
    "376": "Non-Bailable",
    "377": "Non-Bailable",
    "378": "Status not found",
    "379": "Non-Bailable",
    "380": "Non-Bailable",
    "381": "Non-Bailable",
    "382": "Non-Bailable",
    "383": "Status not found",
    "384": "Non-Bailable",
    "385": "Bailable",
    "386": "Non-Bailable",
    "387": "Non-Bailable",
    "388": "Status not found",
    "389": "Status not found",
    "390": "Status not found",
    "391": "Status not found",
    "392": "Status not found",
    "393": "Non-Bailable",
    "394": "Non-Bailable",
    "395": "Non-Bailable",
    "396": "Non-Bailable",
    "397": "Non-Bailable",
    "398": "Non-Bailable",
    "399": "Non-Bailable",
    "400": "Non-Bailable",
    "401": "Non-Bailable",
    "402": "Non-Bailable",
    "403": "Bailable",
    "404": "Status not found",
    "405": "Status not found",
    "406": "Non-Bailable",
    "407": "Non-Bailable",
    "408": "Non-Bailable",
    "409": "Non-Bailable",
    "410": "Status not found",
    "411": "Non-Bailable",
    "412": "Non-Bailable",
    "413": "Non-Bailable",
    "414": "Non-Bailable",
    "415": "Status not found",
    "416": "Status not found",
    "417": "Bailable",
    "418": "Bailable",
    "419": "Bailable",
    "420": "Non-Bailable",
    "421": "Bailable",
    "422": "Bailable",
    "423": "Bailable",
    "424": "Bailable",
    "425": "Status not found",
    "426": "Bailable",
    "427": "Bailable",
    "428": "Bailable",
    "429": "Bailable",
    "430": "Bailable",
    "431": "Bailable",
    "432": "Bailable",
    "433": "Bailable",
    "434": "Bailable",
    "435": "Bailable",
    "436": "Non-Bailable",
    "437": "Non-Bailable",
    "438": "Non-Bailable",
    "439": "Non-Bailable",
    "440": "Bailable",
    "441": "Status not found",
    "442": "Status not found",
    "443": "Status not found",
    "444": "Status not found",
    "445": "Status not found",
    "446": "Status not found",
    "447": "Bailable",
    "448": "Bailable",
    "449": "Non-Bailable",
    "450": "Non-Bailable",
    "451": "Status not found",
    "452": "Non-Bailable",
    "453": "Non-Bailable",
    "454": "Status not found",
    "455": "Non-Bailable",
    "456": "Non-Bailable",
    "457": "Status not found",
    "458": "Non-Bailable",
    "459": "Non-Bailable",
    "460": "Non-Bailable",
    "461": "Non-Bailable",
    "462": "Bailable",
    "463": "Status not found",
    "464": "Status not found",
    "465": "Bailable",
    "466": "Non-Bailable",
    "467": "Status not found",
    "468": "Non-Bailable",
    "469": "Bailable",
    "470": "Status not found",
    "471": "Status not found",
    "472": "Bailable",
    "473": "Bailable",
    "474": "Status not found",
    "475": "Bailable",
    "476": "Non-Bailable",
    "477": "Non-Bailable",
    "478": "Status not found",
    "479": "Status not found",
    "480": "Status not found",
    "481": "Status not found",
    "482": "Bailable",
    "483": "Bailable",
    "484": "Bailable",
    "485": "Bailable",
    "486": "Bailable",
    "487": "Bailable",
    "488": "Bailable",
    "489": "Bailable",
    "490": "Bailable",
    "491": "Bailable",
    "492": "Status not found",
    "493": "Non-Bailable",
    "494": "Bailable",
    "495": "Bailable",
    "496": "Bailable",
    "497": "Bailable",
    "498": "Bailable",
    "499": "Status not found",
    "500": "Status not found",
    "501": "Status not found",
    "502": "Status not found",
    "503": "Status not found",
    "504": "Bailable",
    "505": "Status not found",
    "506": "Status not found",
    "507": "Bailable",
    "508": "Bailable",
    "509": "Bailable",
    "510": "Bailable",
    "511": "Status not found"
}